,ap_mac,ap_name
0,70:f3:5a:96:66:e4:,Guest-CentraleSupelec
1,94:d4:69:f7:90:86:,fabrique2024
2,94:d4:69:f7:90:88:,stop&go
3,94:d4:69:f9:5b:e0:,eduroam
4,94:d4:69:f9:5b:e8:,stop&go
5,94:d4:69:f9:7d:63:,CD91
6,94:d4:69:f9:7d:64:,Guest-CentraleSupelec
7,94:d4:69:f9:7d:66:,fabrique2024
8,94:d4:69:f9:7d:67:,stop&go
9,94:d4:69:f9:7d:68:,stop&go
10,94:d4:69:f9:7d:69:,fabrique2024
11,94:d4:69:f9:7d:6b:,Guest-CentraleSupelec
12,94:d4:69:f9:7d:6c:,CD91
13,94:d4:69:f9:7d:6f:,eduroam
14,94:d4:69:fa:94:40:,eduroam
15,94:d4:69:fa:94:46:,fabrique2024
16,94:d4:69:fa:94:47:,stop&go
17,94:d4:69:fa:94:49:,fabrique2024
18,94:d4:69:fa:94:4b:,Guest-CentraleSupelec
19,94:d4:69:fa:94:4c:,CD91
20,94:d4:69:fa:94:4f:,eduroam
21,94:d4:69:fa:9a:00:,eduroam
22,94:d4:69:fa:9a:03:,CD91
23,94:d4:69:fa:9a:04:,Guest-CentraleSupelec
24,94:d4:69:fa:9a:06:,fabrique2024
25,94:d4:69:fa:9a:07:,stop&go
26,94:d4:69:fa:9a:08:,stop&go
27,94:d4:69:fa:9a:09:,fabrique2024
28,94:d4:69:fa:9a:0b:,Guest-CentraleSupelec
29,94:d4:69:fa:9a:0c:,CD91
30,94:d4:69:fa:9a:0f:,eduroam
31,94:d4:69:fd:b1:07:,stop&go
32,94:d4:69:fd:b1:09:,fabrique2024
33,94:d4:69:fd:b1:0b:,Guest-CentraleSupelec
34,94:d4:69:fd:b1:0c:,CD91
35,94:d4:69:fd:b1:0f:,eduroam
36,94:d4:69:fd:b1:e0:,eduroam
37,94:d4:69:fd:b1:e3:,CD91
38,94:d4:69:fd:b1:e4:,Guest-CentraleSupelec
39,94:d4:69:fd:b1:e6:,fabrique2024
40,94:d4:69:fd:b1:e7:,stop&go
41,94:d4:69:fd:b1:e8:,stop&go
42,94:d4:69:fd:b1:e9:,fabrique2024
43,94:d4:69:fd:b1:eb:,Guest-CentraleSupelec
44,94:d4:69:fd:b1:ec:,CD91
45,94:d4:69:fd:b1:ef:,eduroam
46,94:d4:69:fd:b2:20:,eduroam
47,94:d4:69:fd:b2:23:,CD91
48,94:d4:69:fd:b2:24:,Guest-CentraleSupelec
49,94:d4:69:fd:b2:26:,fabrique2024
50,94:d4:69:fd:b2:27:,stop&go
51,94:d4:69:fd:b2:28:,stop&go
52,94:d4:69:fd:b2:29:,fabrique2024
53,94:d4:69:fd:b2:2c:,CD91
54,94:d4:69:fd:b2:2f:,eduroam
55,a4:88:73:4e:40:c0:,eduroam
183,94:d4:69:fa:94:44:,Guest-CentraleSupelec
186,94:d4:69:fa:94:48:,stop&go
339,94:d4:69:f9:7d:60:,eduroam
349,94:d4:69:fa:94:43:,CD91
390,94:d4:69:fd:b2:2b:,Guest-CentraleSupelec
649,94:d4:69:fd:b1:08:,stop&go
1013,70:d3:79:2e:e8:40:,eduroam
1455,70:d3:79:2e:e8:44:,Guest-CentraleSupelec
2366,70:d3:79:2e:e8:48:,stop&go
2396,94:d4:69:fd:b1:00:,eduroam
2397,94:d4:69:fd:b1:04:,Guest-CentraleSupelec
2536,70:d3:79:2e:e8:43:,CD91
2537,70:d3:79:2e:e8:46:,fabrique2024
2539,94:d4:69:f6:c5:60:,eduroam
2540,94:d4:69:f6:c5:63:,CD91
2541,94:d4:69:f6:c5:64:,Guest-CentraleSupelec
2542,94:d4:69:f6:c5:66:,fabrique2024
2543,94:d4:69:f6:c5:68:,stop&go
2544,94:d4:69:f6:e4:e0:,eduroam
2554,94:d4:69:f9:7d:c7:,stop&go
2555,94:d4:69:f9:7d:c9:,fabrique2024
2556,94:d4:69:f9:7d:cc:,CD91
2578,94:d4:69:fd:b1:03:,CD91
2580,94:d4:69:fd:b1:06:,fabrique2024
5565,84:3d:c6:f5:f1:87:,stop&go
5566,84:3d:c6:f5:f1:89:,fabrique2024
5567,84:3d:c6:f5:f1:8b:,Guest-CentraleSupelec
5568,84:3d:c6:f5:f1:8c:,CD91
5569,84:3d:c6:f5:f1:8f:,eduroam
10808,a4:88:73:4e:40:c4:,Guest-CentraleSupelec
11205,70:d3:79:2e:8c:80:,eduroam
12117,70:f3:5a:96:66:e8:,stop&go
12247,70:f3:5a:96:66:e3:,CD91
12311,a4:88:73:4e:40:c6:,CD91
13324,70:f3:5a:96:66:e6:,fabrique2024
16234,70:f3:5a:96:66:e0:,eduroam
19030,94:d4:69:f9:7d:43:,CD91
24729,94:d4:69:f9:7d:c6:,fabrique2024
24894,94:d4:69:f9:7d:c0:,eduroam
24895,94:d4:69:f9:7d:c3:,CD91
24896,94:d4:69:f9:7d:c4:,Guest-CentraleSupelec
25309,70:d3:79:2e:e8:47:,stop&go
25310,70:d3:79:2e:e8:4c:,CD91
25311,70:d3:79:2e:e8:4f:,eduroam
25938,70:d3:79:2e:e8:4b:,Guest-CentraleSupelec
31162,70:d3:79:2e:8c:83:,CD91
31991,70:d3:79:2e:8c:88:,stop&go
32671,70:d3:79:2e:8c:84:,Guest-CentraleSupelec
32972,70:d3:79:2e:8c:86:,fabrique2024
33392,94:d4:69:f6:e4:e7:,stop&go
34231,94:d4:69:f9:7d:c8:,stop&go
37582,a4:88:73:4e:40:c7:,fabrique2024
40061,94:d4:69:f9:5b:e6:,fabrique2024
43373,94:d4:69:f7:90:84:,Guest-CentraleSupelec
43374,94:d4:69:f7:98:e0:,eduroam
43375,94:d4:69:f7:98:e3:,CD91
43661,94:d4:69:f7:90:83:,CD91
44945,94:d4:69:f6:e4:e3:,CD91
44946,94:d4:69:f6:e4:e4:,Guest-CentraleSupelec
44947,94:d4:69:f6:e4:e6:,fabrique2024
44948,94:d4:69:f6:e4:e8:,stop&go
45226,70:d3:79:2e:e8:49:,fabrique2024
51642,28:ee:52:ae:77:08:,Le Toucan DÃ©chaÃ®nÃ©
51643,46:12:57:7d:91:81:,realme X2 Pro
51645,8e:5c:2e:e4:50:48:,Galaxy A32EA8A
51654,94:d4:69:fa:94:45:,
51661,94:d4:69:fa:9a:05:,
51664,94:d4:69:fd:ac:e0:,eduroam
51665,94:d4:69:fd:ac:e3:,CD91
51666,94:d4:69:fd:ac:e8:,stop&go
51668,aa:6b:ad:45:e7:0d:,DIRECT-0d-HP M203 LaserJet
51669,aa:6b:ad:45:ea:b0:,DIRECT-b0-HP M203 LaserJet
51670,d2:eb:2d:fc:d1:cf:,Redmi Note 9S
51671,e2:bb:9e:9c:e0:7a:,DIRECT-1C4KsEB8DC0E6GO_I
51672,ee:9a:47:f0:63:78:,Tranquilitea
51692,94:d4:69:fa:94:4a:,
51704,94:d4:69:fd:ac:e4:,Guest-CentraleSupelec
51705,94:d4:69:fd:ac:e6:,fabrique2024
51706,94:d4:69:fd:ac:e7:,
51716,fe:fa:d8:43:d8:df:,Î»G
51758,94:d4:69:fd:b1:ea:,
51804,94:d4:69:fd:ac:e9:,fabrique2024
51805,94:d4:69:fd:ac:eb:,Guest-CentraleSupelec
51806,94:d4:69:fd:ac:ec:,CD91
51822,00:0e:8e:6e:4d:5e:,ClickShare-AMPHI LANGUES
51826,70:d3:79:2e:ba:00:,eduroam
51827,70:d3:79:2e:ba:03:,CD91
51828,70:d3:79:2e:ba:04:,Guest-CentraleSupelec
51829,70:d3:79:2e:e8:45:,
51835,94:d4:69:f6:e4:e5:,
51870,94:d4:69:fd:ac:ef:,eduroam
51874,94:d4:69:fd:b1:e5:,
51891,2e:dd:f0:d2:fa:61:,Redmi 9
51911,94:d4:69:f9:7d:6a:,
52135,94:d4:69:f9:7d:65:,
52273,28:ee:52:ae:77:07:,Le Toucan DÃ©chaÃ®nÃ© 5GHz
52334,94:d4:69:fd:ac:ea:,
52593,94:d4:69:fd:ac:e5:,
52616,94:d4:69:fd:b2:25:,
52717,e8:cc:18:8d:3e:00:,wifi amphi 120-3 5g
52777,94:d4:69:fa:9a:0a:,
52910,94:d4:69:fd:b2:2a:,
52946,94:d4:69:f6:e4:e9:,fabrique2024
52947,94:d4:69:f6:e4:ec:,CD91
54945,70:d3:79:2e:ba:05:,
54946,70:d3:79:2e:ba:08:,stop&go
55387,94:d4:69:f6:e4:ea:,
55388,94:d4:69:f6:e4:eb:,Guest-CentraleSupelec
55802,70:d3:79:2e:ba:06:,fabrique2024
56239,70:d3:79:2e:ba:07:,
56447,26:e6:09:fd:e4:f9:,MaÃ¯ssa's Galaxy S21+ 5G
56452,62:38:00:ce:e1:46:,iPhone de Mortell
56464,94:d4:69:f6:c5:65:,
56466,94:d4:69:f6:c5:67:,
56474,94:d4:69:f9:5b:e3:,CD91
56475,94:d4:69:f9:5b:e4:,Guest-CentraleSupelec
56476,94:d4:69:f9:5b:e5:,
56478,94:d4:69:f9:5b:e7:,
56531,94:d4:69:fd:b1:05:,
56536,94:d4:69:fd:b1:0a:,
57038,e8:cc:18:8c:fe:80:,wifi hemicycle Amphi1 5g
58171,94:d4:69:f6:e4:ef:,eduroam
60054,1c:1e:e3:db:04:b8:,ES_8943
92438,2e:0e:3d:ee:59:86:,AndroidAP
93370,70:d3:79:2e:8c:87:,
95867,ba:e6:a4:82:1d:b4:,corei5
106222,94:d4:69:f6:c5:69:,fabrique2024
106223,94:d4:69:f6:c5:6b:,Guest-CentraleSupelec
109267,70:d3:79:2e:8c:8c:,CD91
109312,70:d3:79:2e:8c:89:,fabrique2024
109313,70:d3:79:2e:8c:8b:,Guest-CentraleSupelec
109315,70:d3:79:2e:8c:8f:,eduroam
112061,94:d4:69:f6:c5:6c:,CD91
112062,94:d4:69:f6:c5:6f:,eduroam
115837,94:d4:69:fd:ae:c3:,CD91
116147,84:3d:c6:d6:b8:5c:,CD91
117425,84:3d:c6:d6:b8:57:,stop&go
117426,84:3d:c6:d6:b8:5b:,Guest-CentraleSupelec
117428,84:3d:c6:d6:b8:5f:,eduroam
121669,94:d4:69:fd:ae:c0:,eduroam
121985,94:d4:69:fd:ae:c8:,stop&go
139355,70:d3:79:2e:ba:09:,fabrique2024
139356,70:d3:79:2e:ba:0b:,Guest-CentraleSupelec
139357,70:d3:79:2e:ba:0c:,CD91
139358,70:d3:79:2e:ba:0f:,eduroam
142847,94:d4:69:fd:ae:c6:,fabrique2024
176653,94:d4:69:fd:ae:c4:,Guest-CentraleSupelec
186888,84:3d:c6:d6:b8:59:,fabrique2024
188388,70:d3:79:2e:d6:a7:,stop&go
188389,70:d3:79:2e:d6:ac:,CD91
204244,1a:4e:16:8c:67:9e:,Le leopard
204245,1c:1e:e3:94:17:f8:,IFP_17f8
204248,82:45:e2:62:31:18:,DIRECT-BsDESKTOP-PHJL31LmsYV
204517,70:d3:79:2e:de:04:,Guest-CentraleSupelec
204806,70:d3:79:2e:de:06:,fabrique2024
204807,70:d3:79:2e:de:07:,
204808,70:d3:79:2e:de:08:,stop&go
205593,1c:1e:e3:94:17:83:,IFP_1783
205850,1a:44:45:b4:80:63:,Redmi Note 10 5G
206129,70:d3:79:2e:de:00:,eduroam
206131,70:d3:79:2e:de:05:,
208440,36:b9:16:16:d5:e1:,S23 de Robin
208449,70:d3:79:2e:de:03:,CD91
208455,70:d3:79:2e:de:60:,eduroam
208456,70:d3:79:2e:de:63:,CD91
208457,70:d3:79:2e:de:64:,Guest-CentraleSupelec
208458,70:d3:79:2e:de:65:,
208459,70:d3:79:2e:de:66:,fabrique2024
208460,70:d3:79:2e:de:67:,
208461,70:d3:79:2e:de:68:,stop&go
208462,76:32:44:fd:ed:e1:,iPhone de Romain
208472,94:d4:69:f6:c5:6a:,
218414,e8:cc:18:8d:3e:10:,wifi amphi 120-3
220675,70:d3:79:2e:ba:0a:,
220929,98:0d:51:53:4a:8b:,HONOR 9X
221070,06:b1:a1:97:6e:25:,Galaxy A30s6E25
222982,92:dc:17:b3:e6:d1:,Mouad's Galaxy A34 5G
232007,4a:ca:31:2d:66:5c:,S20+ de Nicole
233085,8e:45:00:a3:3f:b2:,Galaxy S93fb2
253955,ba:66:80:f8:c0:c7:,S23 de Alex
258947,70:d3:79:2e:d6:a4:,Guest-CentraleSupelec
258953,94:d4:69:f9:7f:c0:,eduroam
258954,94:d4:69:f9:7f:c3:,CD91
258955,94:d4:69:f9:7f:c8:,stop&go
258959,94:d4:69:fd:ae:c5:,
258961,94:d4:69:fd:ae:c7:,
258974,94:d4:69:f9:7f:c4:,Guest-CentraleSupelec
258975,94:d4:69:f9:7f:c6:,fabrique2024
258976,94:d4:69:f9:7f:c7:,stop&go
258978,94:d4:69:f9:7f:c9:,fabrique2024
258979,94:d4:69:f9:7f:ca:,
258980,94:d4:69:f9:7f:cb:,Guest-CentraleSupelec
258981,94:d4:69:f9:7f:cc:,CD91
258982,94:d4:69:f9:7f:cf:,eduroam
258990,94:d4:69:fd:ae:c9:,fabrique2024
258991,94:d4:69:fd:ae:ca:,
258992,94:d4:69:fd:ae:cb:,Guest-CentraleSupelec
258993,94:d4:69:fd:ae:cc:,CD91
258994,94:d4:69:fd:ae:cf:,eduroam
258996,b6:ea:b6:6f:d6:ea:,A52
259033,70:d3:79:2e:d6:a8:,stop&go
259141,94:d4:69:f7:90:80:,eduroam
259142,94:d4:69:f7:90:87:,
259166,9a:90:dd:d8:db:14:,Ali
259186,94:d4:69:f9:7f:c5:,
259254,10:be:f5:be:83:c0:,
261210,70:d3:79:2e:d6:a0:,eduroam
261211,70:d3:79:2e:d6:a3:,CD91
261213,70:d3:79:2e:d6:a6:,fabrique2024
261216,70:d3:79:2e:d6:a9:,fabrique2024
261217,70:d3:79:2e:d6:aa:,
261218,70:d3:79:2e:d6:ab:,Guest-CentraleSupelec
261220,70:d3:79:2e:d6:af:,eduroam
261241,94:d4:69:f6:e8:40:,eduroam
261242,94:d4:69:f6:e8:43:,CD91
261243,94:d4:69:f6:e8:44:,Guest-CentraleSupelec
261244,94:d4:69:f6:e8:45:,
261245,94:d4:69:f6:e8:46:,fabrique2024
261246,94:d4:69:f6:e8:47:,
261247,94:d4:69:f6:e8:48:,stop&go
267303,e8:cc:18:8d:73:00:,wifi hemicycle Amphi2 5g
268655,70:d3:79:2e:d6:a5:,
269754,10:be:f5:be:82:a8:,
271113,94:d4:69:f6:d9:c6:,fabrique2024
271545,e8:cc:18:8d:3c:c0:,wifi hemicycle 240 5g
278896,76:cc:16:7f:66:56:,Nico ...
284634,94:d4:69:f6:d9:c0:,eduroam
284635,94:d4:69:f6:d9:c5:,
284637,94:d4:69:f6:d9:c7:,
284638,94:d4:69:f6:d9:c8:,stop&go
285116,94:d4:69:f6:e8:4b:,Guest-CentraleSupelec
291915,94:d4:69:f6:d9:c3:,CD91
291916,94:d4:69:f6:d9:c4:,Guest-CentraleSupelec
291921,94:d4:69:f6:d9:c9:,fabrique2024
291922,94:d4:69:f6:d9:cb:,Guest-CentraleSupelec
291923,94:d4:69:f6:d9:cf:,eduroam
291938,94:d4:69:f6:e8:49:,fabrique2024
291939,94:d4:69:f6:e8:4a:,
291941,94:d4:69:f6:e8:4c:,CD91
291942,94:d4:69:f6:e8:4f:,eduroam
292716,1e:2a:2e:1b:43:de:,mi 8 d'Antoine
315887,94:d4:69:fd:b1:a8:,stop&go
316404,94:d4:69:fd:b1:a6:,fabrique2024
317724,94:d4:69:fd:b1:a0:,eduroam
317725,94:d4:69:fd:b1:a4:,Guest-CentraleSupelec
318299,02:9d:6b:f5:6f:50:,Galaxy S96f50
318306,84:3d:c6:9b:e3:50:,eduroam
318307,84:3d:c6:9b:e3:53:,CD91
318308,84:3d:c6:9b:e3:54:,Guest-CentraleSupelec
318309,84:3d:c6:9b:e3:55:,
318310,84:3d:c6:9b:e3:56:,fabrique2024
318311,84:3d:c6:9b:e3:57:,
318312,84:3d:c6:9b:e3:58:,stop&go
318313,84:3d:c6:9b:e3:5f:,eduroam
318314,84:3d:c6:f5:f1:80:,eduroam
318315,84:3d:c6:f5:f1:83:,CD91
318316,84:3d:c6:f5:f1:84:,Guest-CentraleSupelec
318317,84:3d:c6:f5:f1:86:,fabrique2024
318319,84:3d:c6:f5:f1:88:,stop&go
318321,84:3d:c6:f5:f1:8a:,
318326,94:d4:69:f7:90:85:,
318337,94:d4:69:f9:5b:ef:,eduroam
318338,94:d4:69:f9:7d:25:,
318339,94:d4:69:f9:7d:26:,fabrique2024
318340,94:d4:69:f9:7d:40:,eduroam
318342,94:d4:69:f9:7d:44:,Guest-CentraleSupelec
318343,94:d4:69:f9:7d:46:,fabrique2024
318344,94:d4:69:f9:7d:48:,stop&go
318348,94:d4:69:f9:7d:ca:,
318349,94:d4:69:f9:7d:cb:,Guest-CentraleSupelec
318351,94:d4:69:f9:7d:cf:,eduroam
318352,94:d4:69:f9:7e:40:,eduroam
318353,94:d4:69:f9:7e:43:,CD91
318354,94:d4:69:f9:7e:44:,Guest-CentraleSupelec
318355,94:d4:69:f9:7e:45:,
318356,94:d4:69:f9:7e:46:,fabrique2024
318357,94:d4:69:f9:7e:48:,stop&go
318358,94:d4:69:f9:7e:4f:,eduroam
318361,ee:8c:49:82:f5:6d:,Cs
318377,84:3d:c6:9b:e3:59:,fabrique2024
318378,84:3d:c6:9b:e3:5a:,
318379,84:3d:c6:9b:e3:5b:,Guest-CentraleSupelec
318380,84:3d:c6:9b:e3:5c:,CD91
318406,94:d4:69:f9:5b:e9:,fabrique2024
318407,94:d4:69:f9:5b:ea:,
318408,94:d4:69:f9:5b:eb:,Guest-CentraleSupelec
318409,94:d4:69:f9:5b:ec:,CD91
318431,94:d4:69:f9:7e:47:,stop&go
318433,94:d4:69:f9:7e:49:,fabrique2024
318434,94:d4:69:f9:7e:4b:,Guest-CentraleSupelec
318435,94:d4:69:f9:7e:4c:,CD91
318543,84:3d:c6:f5:f1:85:,
318573,94:d4:69:f9:7d:27:,
318595,94:d4:69:f9:7e:4a:,
318691,16:04:6b:e9:5a:d8:,Luc's Galaxy S21 5G
318721,94:d4:69:f6:c8:80:,eduroam
318722,94:d4:69:f6:c8:85:,
318723,94:d4:69:f6:c8:86:,fabrique2024
318724,94:d4:69:f6:c8:87:,
319004,94:d4:69:f6:c8:83:,CD91
319493,94:d4:69:f7:98:e4:,Guest-CentraleSupelec
319494,94:d4:69:f7:98:e5:,
320213,a4:88:73:4e:40:c3:,
320238,84:3d:c6:d6:b8:58:,
320257,94:d4:69:f6:c8:88:,
320258,94:d4:69:f6:c8:89:,fabrique2024
320259,94:d4:69:f6:c8:8a:,
320260,94:d4:69:f6:c8:8b:,Guest-CentraleSupelec
320261,94:d4:69:f6:c8:8c:,CD91
320262,94:d4:69:f6:c8:8f:,eduroam
320417,84:3d:c6:d6:b8:56:,fabrique2024
321249,94:d4:69:f6:c8:84:,Guest-CentraleSupelec
321269,94:d4:69:f7:98:e8:,stop&go
321478,94:d4:69:f6:ed:c0:,eduroam
321731,94:d4:69:f9:7d:c5:,
322636,94:d4:69:f9:7d:45:,
323092,94:d4:69:f7:98:e6:,fabrique2024
323093,94:d4:69:f7:98:e7:,
323294,84:3d:c6:d6:b8:54:,Guest-CentraleSupelec
323314,94:d4:69:f6:b5:a0:,eduroam
323360,94:d4:69:f9:7d:47:,
323488,94:d4:69:f9:7d:49:,fabrique2024
323489,94:d4:69:f9:7d:4a:,
323490,94:d4:69:f9:7d:4b:,Guest-CentraleSupelec
323491,94:d4:69:f9:7d:4c:,CD91
323492,94:d4:69:f9:7d:4f:,eduroam
323813,84:3d:c6:d6:b8:53:,CD91
325663,84:3d:c6:d6:b8:55:,
326046,7a:e8:8d:a0:8d:99:,iphone Antonin
326078,94:d4:69:f6:ed:c3:,CD91
326079,94:d4:69:f6:ed:c4:,Guest-CentraleSupelec
326080,94:d4:69:f6:ed:c5:,
326081,94:d4:69:f6:ed:c6:,fabrique2024
326082,94:d4:69:f6:ed:c7:,stop&go
326083,94:d4:69:f6:ed:c8:,stop&go
326084,94:d4:69:f6:ed:c9:,fabrique2024
326085,94:d4:69:f6:ed:ca:,
326086,94:d4:69:f6:ed:cb:,Guest-CentraleSupelec
326087,94:d4:69:f6:ed:cc:,CD91
326088,94:d4:69:f6:ed:cf:,eduroam
326112,94:d4:69:f9:7d:20:,eduroam
326113,94:d4:69:f9:7d:23:,CD91
326114,94:d4:69:f9:7d:24:,Guest-CentraleSupelec
326118,94:d4:69:f9:7d:28:,stop&go
331897,94:d4:69:f6:b5:a4:,Guest-CentraleSupelec
334447,00:0e:8e:6e:50:d4:,ClickShare-AMPHI01
334848,fa:da:0c:7e:d7:e8:,DIRECT-e8-HP M252 LaserJet
335387,e8:cc:18:8d:73:10:,wifi hemicycle Amphi2
337023,00:0e:8e:6e:4d:f3:,ClickShare-AMPHI02
337046,84:3d:c6:d6:b8:50:,eduroam
337563,96:3a:63:c5:76:e6:,Samsam
346876,94:d4:69:f7:90:89:,fabrique2024
346877,94:d4:69:f7:90:8b:,Guest-CentraleSupelec
346878,94:d4:69:f7:90:8c:,CD91
347591,94:d4:69:f7:90:8a:,
348024,94:d4:69:f7:90:8f:,eduroam
354557,2a:0f:fd:9d:02:99:,F-Ship
360106,e8:cc:18:8d:3c:d0:,wifi hemicycle 240
367920,84:3d:c6:d6:b8:5a:,
373540,94:d4:69:fd:aa:08:,stop&go
386908,94:d4:69:f6:b5:a6:,fabrique2024
386909,94:d4:69:f6:b5:a7:,
386910,94:d4:69:f6:b5:a8:,stop&go
386911,94:d4:69:f6:e3:23:,CD91
386912,94:d4:69:f6:e3:24:,Guest-CentraleSupelec
386913,94:d4:69:f6:e3:25:,
386914,94:d4:69:f6:e3:26:,fabrique2024
386915,94:d4:69:f6:e3:28:,stop&go
387047,94:d4:69:f6:b5:a9:,fabrique2024
387048,94:d4:69:f6:b5:ab:,Guest-CentraleSupelec
387049,94:d4:69:f6:b5:ac:,CD91
387050,94:d4:69:f6:b5:af:,eduroam
387121,94:d4:69:f6:b5:a3:,CD91
387374,94:d4:69:f6:b5:a5:,
388697,94:d4:69:f6:e3:20:,eduroam
390588,94:d4:69:f6:e3:27:,
392444,94:d4:69:f6:e3:29:,fabrique2024
392445,94:d4:69:f6:e3:2b:,Guest-CentraleSupelec
392446,94:d4:69:f6:e3:2c:,CD91
392447,94:d4:69:f6:e3:2f:,eduroam
397646,94:d4:69:f6:b5:aa:,
467140,e2:b5:d7:81:17:33:,DIRECT-KAPC-HP-RAPHmsZL
467628,ca:bf:e2:36:c6:9e:,DiegoSignal
467868,06:6c:59:fa:ec:a4:,DIRECT-WBDESKTOP-N6JS7O0mscM
473019,22:7e:3a:91:12:e7:,Entrez le mot de passe
479915,3e:62:30:32:6a:0b:,BenJ's
480226,70:d3:79:2e:8c:85:,
483229,fa:76:b1:c7:12:9d:,Hotspot 123
484586,48:2c:a0:ac:23:36:,Raph
530646,0e:3c:3f:e3:c2:98:,S20 FE
555483,94:d4:69:fd:b1:a3:,CD91
555657,94:d4:69:fd:b1:a7:,
567226,70:d3:79:2e:d1:80:,eduroam
567227,70:d3:79:2e:d1:83:,CD91
567228,70:d3:79:2e:d1:84:,Guest-CentraleSupelec
567229,70:d3:79:2e:d1:86:,fabrique2024
567230,70:d3:79:2e:d1:88:,stop&go
567250,94:d4:69:fd:aa:00:,eduroam
567251,94:d4:69:fd:aa:03:,CD91
567252,94:d4:69:fd:aa:04:,Guest-CentraleSupelec
567253,94:d4:69:fd:aa:06:,fabrique2024
567257,f2:b4:30:2b:7c:da:,Galaxy S10+
567267,70:d3:79:2e:d1:89:,fabrique2024
567268,70:d3:79:2e:d1:8f:,eduroam
567340,94:d4:69:fd:aa:07:,stop&go
567342,94:d4:69:fd:aa:09:,fabrique2024
567343,94:d4:69:fd:aa:0a:,
567344,94:d4:69:fd:aa:0b:,Guest-CentraleSupelec
567345,94:d4:69:fd:aa:0c:,CD91
567346,94:d4:69:fd:aa:0f:,eduroam
567501,70:d3:79:2e:d1:87:,
567692,94:d4:69:fd:aa:05:,
567762,70:d3:79:2e:d1:8a:,
567763,70:d3:79:2e:d1:8b:,Guest-CentraleSupelec
567764,70:d3:79:2e:d1:8c:,CD91
567984,70:d3:79:2e:d1:85:,
588502,d6:93:7a:0f:47:26:,iPhone amandine 
592078,06:5a:cf:49:7e:9a:,iPhone
604652,00:0e:8e:6e:4d:f0:,ClickShare-9714110766
604982,f6:67:28:8e:4e:4d:,te Ja
625702,94:d4:69:f9:7d:2f:,eduroam
626839,94:d4:69:f9:7d:29:,fabrique2024
644142,d6:cf:86:16:e6:c5:,Wi-Fi
653801,94:d4:69:fa:7f:69:,fabrique2024
654149,94:d4:69:fa:7f:68:,
654447,94:d4:69:fa:7f:6a:,
656916,a4:88:73:4e:03:84:,Guest-CentraleSupelec
660729,94:d4:69:fa:99:08:,stop&go
665328,94:d4:69:f6:b3:e0:,eduroam
665329,94:d4:69:f6:b3:e3:,CD91
665330,94:d4:69:f6:b3:e4:,Guest-CentraleSupelec
665331,94:d4:69:f6:b3:e6:,fabrique2024
665332,94:d4:69:f6:b3:e8:,stop&go
665333,94:d4:69:f6:b6:83:,CD91
665334,94:d4:69:f6:b6:84:,Guest-CentraleSupelec
665335,94:d4:69:f6:b6:85:,
665336,94:d4:69:f6:b6:86:,fabrique2024
665337,94:d4:69:f6:b6:88:,stop&go
665344,94:d4:69:fa:99:00:,eduroam
665345,94:d4:69:fa:99:03:,CD91
665346,94:d4:69:fa:99:04:,Guest-CentraleSupelec
665347,94:d4:69:fa:99:05:,
665348,94:d4:69:fa:99:06:,fabrique2024
665349,94:d4:69:fa:99:07:,stop&go
665351,94:d4:69:fa:99:09:,fabrique2024
665352,94:d4:69:fa:99:0a:,
665353,94:d4:69:fa:99:0b:,Guest-CentraleSupelec
665354,94:d4:69:fa:99:0c:,CD91
665355,94:d4:69:fa:99:0f:,eduroam
665356,94:d4:69:fd:b0:40:,eduroam
665357,94:d4:69:fd:b0:43:,CD91
665358,94:d4:69:fd:b0:44:,Guest-CentraleSupelec
665359,94:d4:69:fd:b0:45:,
665360,94:d4:69:fd:b0:46:,fabrique2024
665361,94:d4:69:fd:b0:48:,stop&go
665365,94:d4:69:fd:b1:a5:,
665415,94:d4:69:fd:b1:a9:,fabrique2024
665416,94:d4:69:fd:b1:aa:,
665417,94:d4:69:fd:b1:ab:,Guest-CentraleSupelec
665418,94:d4:69:fd:b1:ac:,CD91
665419,94:d4:69:fd:b1:af:,eduroam
665700,94:d4:69:f6:b3:e5:,
665867,94:d4:69:f6:b3:e7:,
666055,94:d4:69:fd:b0:47:,
666237,94:d4:69:f6:b3:e9:,fabrique2024
666238,94:d4:69:f6:b3:ea:,
666239,94:d4:69:f6:b3:eb:,Guest-CentraleSupelec
666240,94:d4:69:f6:b3:ec:,CD91
666241,94:d4:69:f6:b3:ef:,eduroam
667254,94:d4:69:f6:c0:c6:,fabrique2024
667802,94:d4:69:f6:c0:c8:,stop&go
667968,94:d4:69:f6:b6:80:,eduroam
667971,94:d4:69:f6:c0:c3:,CD91
667972,94:d4:69:f6:c0:c4:,Guest-CentraleSupelec
667973,94:d4:69:f6:c0:c5:,
668552,94:d4:69:f6:c0:c0:,eduroam
670128,94:d4:69:fd:b0:4c:,CD91
673553,da:f9:e0:59:4a:7e:,Mathieu's Galaxy A52s 5G
673679,94:d4:69:fd:b0:49:,fabrique2024
674145,94:d4:69:f6:b6:87:,
679058,94:d4:69:fd:b0:4b:,Guest-CentraleSupelec
679060,94:d4:69:fd:b0:4f:,eduroam
680574,94:d4:69:f6:c0:c7:,
701521,70:f3:5a:96:66:e7:,stop&go
701522,70:f3:5a:96:66:e9:,fabrique2024
701523,70:f3:5a:96:66:eb:,Guest-CentraleSupelec
702269,70:f3:5a:96:66:ec:,CD91
702270,70:f3:5a:96:66:ef:,eduroam
766067,70:d3:79:2e:e8:4a:,
901708,70:d3:79:2e:de:09:,fabrique2024
901709,70:d3:79:2e:de:0b:,Guest-CentraleSupelec
901710,70:d3:79:2e:de:0c:,CD91
901711,70:d3:79:2e:de:0f:,eduroam
902601,70:d3:79:2e:de:0a:,
921225,94:d4:69:fd:b1:60:,eduroam
939643,b6:18:f5:54:f3:0c:,Galaxy A42 5G89A8
949292,c2:98:63:db:dc:5d:,Galaxy A12 0C3C
967049,70:d3:79:2e:8c:8a:,
968812,a6:af:76:57:f9:d1:,iPhone de Solal
993264,ae:3d:4c:5e:04:52:,AndroidAPFA0F
995643,06:54:f4:4d:e1:26:,
996049,d2:05:cf:11:f2:58:,
1023178,94:d4:69:f6:d9:ca:,
1024254,94:d4:69:f6:d9:cc:,CD91
1065029,94:d4:69:fa:99:68:,stop&go
1069662,94:d4:69:fa:99:60:,eduroam
1069663,94:d4:69:fa:99:67:,
1090120,b6:33:fd:a8:6a:6c:,Nico
1092211,ba:d9:9d:67:bd:48:,Tranquilitea
1095381,94:d4:69:f7:98:ea:,
1099338,94:d4:69:f7:98:e9:,fabrique2024
1099671,94:d4:69:f7:98:eb:,Guest-CentraleSupelec
1099672,94:d4:69:f7:98:ec:,CD91
1103161,94:d4:69:f7:98:ef:,eduroam
1109300,a4:88:73:4e:03:83:,
1116683,a4:88:73:4e:03:80:,eduroam
1136048,5e:7e:07:0f:b0:e0:,S23
1141385,2a:b2:e9:3d:8e:bc:,Galaxy A22 5G38ae
1150089,94:d4:69:f9:7d:2a:,
1155199,94:d4:69:f9:7d:2b:,Guest-CentraleSupelec
1155200,94:d4:69:f9:7d:2c:,CD91
1227290,94:d4:69:fa:7f:67:,stop&go
1227293,94:d4:69:fa:7f:6c:,CD91
1227294,94:d4:69:fa:7f:6f:,eduroam
1246917,94:d4:69:fd:b0:4a:,
1250678,94:d4:69:fd:b1:63:,CD91
1250679,94:d4:69:fd:b1:64:,Guest-CentraleSupelec
1250680,94:d4:69:fd:b1:65:,
1250681,94:d4:69:fd:b1:66:,fabrique2024
1250682,94:d4:69:fd:b1:68:,stop&go
1253078,94:d4:69:f9:7d:a4:,Guest-CentraleSupelec
1256426,94:d4:69:f9:7d:a3:,CD91
1258472,94:d4:69:f9:7d:a6:,fabrique2024
1259534,94:d4:69:f9:7d:a8:,stop&go
1262198,94:d4:69:f9:7d:a7:,
1269243,94:d4:69:f9:7d:a5:,
1272783,94:d4:69:f9:7d:a0:,eduroam
1276190,0a:74:83:cb:a9:29:,iPhone
1280038,94:d4:69:fd:b1:67:,
1301198,70:f3:5a:96:66:e5:,
1302934,a4:88:73:4e:03:87:,fabrique2024
1303250,a4:88:73:4e:03:86:,CD91
1404539,b2:39:36:ec:66:69:,.
1412845,e8:cc:18:8c:fe:90:,wifi hemicycle Amphi1
1489850,de:bf:e9:bb:6b:92:,Moto E (4) Plus 6998
1495563,b6:46:61:21:ac:2e:,adnet
1499798,52:8d:35:e2:37:89:,OPPO A16
1560068,16:a7:a2:09:69:07:,Pixel_7341
1583194,ff:ff:ff:ff:ff:ff:,DIRECT-
1635162,12:5e:ed:34:c1:37:,Galaxy S20 5Gb9b5
1728709,94:d4:69:fd:b1:6b:,Guest-CentraleSupelec
1728710,94:d4:69:fd:b1:6c:,CD91
1728711,94:d4:69:fd:b1:6f:,eduroam
